Date,Pm2.5
2/1/1990,
2/1/1990,
3/1/1990,
3/1/1990,
4/1/1990,
4/1/1990,
5/1/1990,
6/1/1990,
6/1/1990,
7/1/1990,
7/1/1990,
8/1/1990,
8/1/1990,
9/1/1990,
9/1/1990,
10/1/1990,
10/1/1990,
11/1/1990,
11/1/1990,
1/1/1991,
1/1/1991,
2/1/1991,
2/1/1991,
3/1/1991,
3/1/1991,
4/1/1991,
4/1/1991,
5/1/1991,
5/1/1991,
6/1/1991,
6/1/1991,
7/1/1991,
7/1/1991,
8/1/1991,
8/1/1991,
9/1/1991,
9/1/1991,
10/1/1991,
10/1/1991,
11/1/1991,
11/1/1991,
12/1/1991,
12/1/1991,
1/1/1992,
1/1/1992,
2/1/1992,
2/1/1992,
3/1/1992,
3/1/1992,
4/1/1992,
4/1/1992,
6/1/1992,
6/1/1992,
1/1/1993,
1/1/1993,
2/1/1993,
2/1/1993,
3/1/1993,
3/1/1993,
4/1/1993,
4/1/1993,
5/1/1993,
5/1/1993,
6/1/1993,
6/1/1993,
7/1/1993,
7/1/1993,
8/1/1993,
8/1/1993,
9/1/1993,
9/1/1993,
10/1/1993,
10/1/1993,
11/1/1993,
11/1/1993,
12/1/1993,
12/1/1993,
1/1/1994,
1/1/1994,
2/1/1994,
2/1/1994,
3/1/1994,
3/1/1994,
4/1/1994,
4/1/1994,
5/1/1994,
5/1/1994,
6/1/1994,
6/1/1994,
7/1/1994,
7/1/1994,
8/1/1994,
8/1/1994,
11/1/1994,
11/1/1994,
12/1/1994,
12/1/1994,
1/1/1995,
2/1/1995,
3/1/1995,
4/1/1995,
5/1/1995,
7/1/1995,
8/1/1995,
9/1/1995,
10/1/1995,
11/1/1995,
12/1/1995,
1/1/1995,
2/1/1995,
3/1/1995,
4/1/1995,
5/1/1995,
6/1/1995,
7/1/1995,
8/1/1995,
9/1/1995,
10/1/1995,
11/1/1995,
12/1/1995,
1/1/1996,
1/1/1996,
2/1/1996,
2/1/1996,
3/1/1996,
3/1/1996,
4/1/1996,
4/1/1996,
5/1/1996,
5/1/1996,
6/1/1996,
6/1/1996,
7/1/1996,
7/1/1996,
8/1/1996,
9/1/1996,
10/1/1996,
11/1/1996,
12/1/1996,
12/1/1996,
1/1/1997,
1/1/1997,
2/1/1997,
2/1/1997,
3/1/1997,
3/1/1997,
4/1/1997,
4/1/1997,
5/1/1997,
5/1/1997,
6/1/1997,
6/1/1997,
7/1/1997,
7/1/1997,
8/1/1997,
8/1/1997,
9/1/1997,
9/1/1997,
10/1/1997,
10/1/1997,
11/1/1997,
11/1/1997,
12/1/1997,
12/1/1997,
1/1/1998,
1/1/1998,
2/1/1998,
2/1/1998,
3/1/1998,
3/1/1998,
4/1/1998,
4/1/1998,
5/1/1998,
5/1/1998,
6/1/1998,
6/1/1998,
7/1/1998,
7/1/1998,
8/1/1998,
8/1/1998,
9/1/1998,
9/1/1998,
11/1/1998,
11/1/1998,
12/1/1998,
12/1/1998,
1/1/1999,
1/1/1999,
2/1/1999,
2/1/1999,
3/1/1999,
3/1/1999,
4/1/1999,
4/1/1999,
5/1/1999,
5/1/1999,
6/1/1999,
6/1/1999,
7/1/1999,
7/1/1999,
8/1/1999,
8/1/1999,
9/1/1999,
9/1/1999,
10/1/1999,
10/1/1999,
11/1/1999,
11/1/1999,
12/1/1999,
12/1/1999,
1/1/2000,
1/1/2000,
2/1/2000,
2/1/2000,
3/1/2000,
3/1/2000,
4/1/2000,
4/1/2000,
5/1/2000,
5/1/2000,
6/1/2000,
6/1/2000,
7/1/2000,
7/1/2000,
8/1/2000,
8/1/2000,
9/1/2000,
9/1/2000,
10/1/2000,
10/1/2000,
11/1/2000,
11/1/2000,
12/1/2000,
12/1/2000,
1/1/2001,
2/1/2001,
3/1/2001,
4/1/2001,
5/1/2001,
6/1/2001,
7/1/2001,
8/1/2001,
9/1/2001,
10/1/2001,
11/1/2001,
12/1/2001,
1/1/2001,
2/1/2001,
3/1/2001,
4/1/2001,
5/1/2001,
6/1/2001,
7/1/2001,
8/1/2001,
9/1/2001,
10/1/2001,
11/1/2001,
12/1/2001,
1/1/2002,
2/1/2002,
3/1/2002,
4/1/2002,
5/1/2002,
6/1/2002,
7/1/2002,
8/1/2002,
9/1/2002,
10/1/2002,
11/1/2002,
12/1/2002,
1/1/2002,
2/1/2002,
3/1/2002,
4/1/2002,
5/1/2002,
6/1/2002,
7/1/2002,
8/1/2002,
9/1/2002,
10/1/2002,
11/1/2002,
12/1/2002,
2/1/2004,
5/1/2004,
9/1/2004,
12/1/2004,
1/16/2004,
1/19/2004,
1/23/2004,
1/29/2004,
1/30/2004,
3/2/2004,
6/2/2004,
9/2/2004,
2/13/2004,
2/16/2004,
2/20/2004,
2/23/2004,
2/26/2004,
1/3/2004,
5/3/2004,
8/3/2004,
12/3/2004,
3/15/2004,
3/19/2004,
3/23/2004,
3/26/2004,
3/29/2004,
2/4/2004,
5/4/2004,
9/4/2004,
12/4/2004,
4/16/2004,
4/19/2004,
4/24/2004,
4/26/2004,
4/30/2004,
3/5/2004,
7/5/2004,
10/5/2004,
5/15/2004,
5/17/2004,
5/21/2004,
5/24/2004,
5/28/2004,
5/31/2004,
2/6/2004,
7/6/2004,
11/6/2004,
6/14/2004,
6/18/2004,
6/21/2004,
6/25/2004,
6/28/2004,
3/7/2004,
7/20/2004,
7/23/2004,
7/26/2004,
7/30/2004,
2/8/2004,
6/8/2004,
9/8/2004,
8/13/2004,
8/16/2004,
8/20/2004,
8/23/2004,
8/27/2004,
8/30/2004,
3/9/2004,
9/17/2004,
9/20/2004,
9/23/2004,
9/27/2004,
1/10/2004,
4/10/2004,
8/10/2004,
11/10/2004,
10/15/2004,
10/18/2004,
10/23/2004,
10/25/2004,
10/29/2004,
1/11/2004,
5/11/2004,
11/19/2004,
11/20/2004,
11/22/2004,
11/23/2004,
11/26/2004,
11/27/2004,
11/29/2004,
6/12/2004,
7/12/2004,
10/12/2004,
12/13/2004,
12/17/2004,
12/20/2004,
12/21/2004,
12/27/2004,
5/31/2004,
7/6/2004,
11/6/2004,
6/14/2004,
6/18/2004,
6/21/2004,
6/25/2004,
2/7/2004,
6/7/2004,
7/20/2004,
7/23/2004,
7/26/2004,
7/30/2004,
2/8/2004,
10/8/2004,
12/8/2004,
8/17/2004,
8/20/2004,
8/24/2004,
8/26/2004,
8/31/2004,
3/9/2004,
7/9/2004,
9/9/2004,
9/16/2004,
9/21/2004,
9/28/2004,
9/29/2004,
9/30/2004,
5/10/2004,
12/10/2004,
10/19/2004,
10/21/2004,
10/26/2004,
10/28/2004,
10/29/2004,
10/30/2004,
10/31/2004,
2/11/2004,
4/11/2004,
11/16/2004,
11/19/2004,
11/21/2004,
11/23/2004,
11/24/2004,
11/25/2004,
11/30/2004,
2/12/2004,
7/12/2004,
9/12/2004,
12/14/2004,
12/16/2004,
12/21/2004,
12/23/2004,
12/30/2004,
5/31/2004,
7/6/2004,
8/6/2004,
11/6/2004,
6/14/2004,
6/20/2004,
6/24/2004,
6/26/2004,
6/7/2004,
7/20/2004,
7/23/2004,
7/24/2004,
7/27/2004,
7/30/2004,
2/8/2004,
6/8/2004,
10/8/2004,
8/14/2004,
8/17/2004,
8/18/2004,
8/24/2004,
8/25/2004,
8/31/2004,
1/9/2004,
8/9/2004,
9/13/2004,
9/14/2004,
9/17/2004,
9/21/2004,
9/23/2004,
9/28/2004,
5/10/2004,
7/10/2004,
10/14/2004,
10/19/2004,
10/21/2004,
10/26/2004,
10/28/2004,
10/29/2004,
1/11/2004,
2/11/2004,
4/11/2004,
11/16/2004,
11/18/2004,
11/19/2004,
11/21/2004,
11/23/2004,
11/25/2004,
11/26/2004,
11/30/2004,
2/12/2004,
7/12/2004,
9/12/2004,
12/14/2004,
12/16/2004,
12/21/2004,
12/23/2004,
12/28/2004,
12/29/2004,
4/1/2010,
7/1/2010,
12/1/2010,
1/18/2010,
1/20/2010,
1/24/2010,
1/27/2010,
1/29/2010,
2/2/2010,
5/2/2010,
9/2/2010,
11/2/2010,
2/15/2010,
2/17/2010,
2/21/2010,
2/24/2010,
2/3/2010,
5/3/2010,
10/3/2010,
3/14/2010,
3/18/2010,
3/22/2010,
3/25/2010,
3/29/2010,
5/4/2010,
7/4/2010,
11/4/2010,
4/15/2010,
4/19/2010,
4/23/2010,
4/27/2010,
4/29/2010,
4/5/2010,
6/5/2010,
10/5/2010,
12/5/2010,
5/16/2010,
5/18/2010,
5/21/2010,
5/25/2010,
2/6/2010,
6/6/2010,
10/6/2010,
6/15/2010,
6/18/2010,
6/22/2010,
6/24/2010,
6/28/2010,
1/7/2010,
5/7/2010,
7/7/2010,
11/7/2010,
7/15/2010,
7/20/2010,
7/23/2010,
7/27/2010,
3/8/2010,
6/8/2010,
10/8/2010,
12/8/2010,
8/16/2010,
8/19/2010,
8/25/2010,
8/29/2010,
2/9/2010,
6/9/2010,
8/9/2010,
12/9/2010,
9/16/2010,
9/20/2010,
9/24/2010,
9/28/2010,
5/10/2010,
7/10/2010,
11/10/2010,
10/14/2010,
10/20/2010,
10/24/2010,
10/27/2010,
10/29/2010,
3/11/2010,
9/11/2010,
11/11/2010,
11/15/2010,
11/19/2010,
11/23/2010,
11/25/2010,
11/28/2010,
2/12/2010,
7/12/2010,
10/12/2010,
12/14/2010,
12/19/2010,
12/22/2010,
12/27/2010,
12/29/2010,
4/1/2010,
7/1/2010,
12/1/2010,
1/18/2010,
1/20/2010,
1/24/2010,
1/27/2010,
1/29/2010,
2/2/2010,
5/2/2010,
9/2/2010,
11/2/2010,
2/15/2010,
2/17/2010,
2/21/2010,
2/24/2010,
2/3/2010,
5/3/2010,
10/3/2010,
3/14/2010,
3/18/2010,
3/22/2010,
3/25/2010,
3/29/2010,
5/4/2010,
7/4/2010,
11/4/2010,
4/15/2010,
4/19/2010,
4/23/2010,
4/27/2010,
4/29/2010,
4/5/2010,
6/5/2010,
10/5/2010,
12/5/2010,
5/16/2010,
5/18/2010,
5/21/2010,
5/25/2010,
2/6/2010,
6/6/2010,
10/6/2010,
6/15/2010,
6/18/2010,
6/22/2010,
6/24/2010,
6/28/2010,
1/7/2010,
5/7/2010,
7/7/2010,
11/7/2010,
7/15/2010,
7/20/2010,
7/23/2010,
7/27/2010,
3/8/2010,
6/8/2010,
10/8/2010,
12/8/2010,
8/16/2010,
8/19/2010,
8/25/2010,
8/29/2010,
2/9/2010,
8/9/2010,
12/9/2010,
9/16/2010,
9/20/2010,
9/24/2010,
9/28/2010,
5/10/2010,
7/10/2010,
11/10/2010,
10/14/2010,
10/20/2010,
10/24/2010,
10/27/2010,
10/29/2010,
3/11/2010,
9/11/2010,
11/11/2010,
11/15/2010,
11/19/2010,
11/23/2010,
11/25/2010,
11/28/2010,
2/12/2010,
7/12/2010,
10/12/2010,
12/14/2010,
12/19/2010,
12/22/2010,
12/27/2010,
12/29/2010,
3/1/2011,
5/1/2011,
11/1/2011,
1/17/2011,
1/21/2011,
1/23/2011,
1/27/2011,
1/29/2011,
1/31/2011,
2/2/2011,
5/2/2011,
8/2/2011,
11/2/2011,
2/16/2011,
2/18/2011,
2/22/2011,
2/26/2011,
2/28/2011,
4/3/2011,
7/3/2011,
9/3/2011,
3/15/2011,
3/17/2011,
3/21/2011,
3/25/2011,
3/27/2011,
3/29/2011,
2/4/2011,
5/4/2011,
7/4/2011,
10/4/2011,
4/13/2011,
4/18/2011,
4/21/2011,
4/25/2011,
4/29/2011,
2/5/2011,
5/5/2011,
7/5/2011,
10/5/2011,
5/15/2011,
5/18/2011,
5/20/2011,
5/25/2011,
5/29/2011,
2/6/2011,
5/6/2011,
7/6/2011,
10/6/2011,
6/15/2011,
6/18/2011,
6/20/2011,
6/25/2011,
6/29/2011,
2/7/2011,
5/7/2011,
7/7/2011,
7/15/2011,
7/18/2011,
7/20/2011,
7/23/2011,
7/26/2011,
7/29/2011,
2/8/2011,
4/8/2011,
7/8/2011,
10/8/2011,
8/13/2011,
8/18/2011,
8/22/2011,
8/24/2011,
8/26/2011,
3/9/2011,
6/9/2011,
9/9/2011,
9/14/2011,
9/18/2011,
9/22/2011,
9/24/2011,
9/26/2011,
9/30/2011,
3/10/2011,
5/10/2011,
7/10/2011,
9/10/2011,
10/14/2011,
10/19/2011,
10/22/2011,
10/26/2011,
10/27/2011,
10/31/2011,
2/11/2011,
4/11/2011,
7/11/2011,
10/11/2011,
11/14/2011,
11/18/2011,
11/22/2011,
11/26/2011,
11/30/2011,
2/12/2011,
5/12/2011,
8/12/2011,
11/12/2011,
12/16/2011,
12/20/2011,
12/22/2011,
12/24/2011,
12/28/2011,
2/1/2011,
8/1/2011,
10/1/2011,
1/14/2011,
1/16/2011,
1/20/2011,
1/22/2011,
1/26/2011,
1/28/2011,
2/2/2011,
5/2/2011,
8/2/2011,
11/2/2011,
2/16/2011,
2/18/2011,
2/25/2011,
2/26/2011,
2/28/2011,
7/3/2011,
9/3/2011,
3/15/2011,
3/17/2011,
3/21/2011,
3/24/2011,
3/25/2011,
3/27/2011,
3/29/2011,
2/4/2011,
5/4/2011,
7/4/2011,
10/4/2011,
4/13/2011,
4/18/2011,
4/21/2011,
4/25/2011,
4/29/2011,
2/5/2011,
5/5/2011,
7/5/2011,
10/5/2011,
5/15/2011,
5/18/2011,
5/20/2011,
5/25/2011,
5/29/2011,
2/6/2011,
5/6/2011,
7/6/2011,
10/6/2011,
6/15/2011,
6/18/2011,
6/20/2011,
6/25/2011,
6/29/2011,
2/7/2011,
7/7/2011,
10/7/2011,
7/15/2011,
7/18/2011,
7/20/2011,
7/23/2011,
7/25/2011,
7/29/2011,
2/8/2011,
4/8/2011,
7/8/2011,
10/8/2011,
8/13/2011,
8/18/2011,
8/22/2011,
8/24/2011,
8/26/2011,
3/9/2011,
6/9/2011,
9/9/2011,
9/14/2011,
9/18/2011,
9/22/2011,
9/24/2011,
9/26/2011,
9/30/2011,
3/10/2011,
7/10/2011,
9/10/2011,
10/14/2011,
10/19/2011,
10/22/2011,
10/26/2011,
10/27/2011,
10/31/2011,
2/11/2011,
4/11/2011,
7/11/2011,
10/11/2011,
11/14/2011,
11/18/2011,
11/22/2011,
11/26/2011,
11/30/2011,
2/12/2011,
5/12/2011,
8/12/2011,
11/12/2011,
12/16/2011,
12/20/2011,
12/22/2011,
12/24/2011,
12/28/2011,
3/1/2011,
5/1/2011,
9/1/2011,
11/1/2011,
1/21/2011,
1/23/2011,
1/27/2011,
1/29/2011,
1/31/2011,
2/2/2011,
5/2/2011,
8/2/2011,
11/2/2011,
2/16/2011,
2/18/2011,
2/25/2011,
2/26/2011,
2/28/2011,
4/3/2011,
7/3/2011,
9/3/2011,
3/15/2011,
3/17/2011,
3/21/2011,
3/25/2011,
3/27/2011,
3/29/2011,
2/4/2011,
5/4/2011,
7/4/2011,
10/4/2011,
4/13/2011,
4/18/2011,
4/25/2011,
4/29/2011,
2/5/2011,
5/5/2011,
7/5/2011,
10/5/2011,
5/15/2011,
5/18/2011,
5/20/2011,
5/25/2011,
2/6/2011,
5/6/2011,
7/6/2011,
10/6/2011,
6/15/2011,
6/18/2011,
6/20/2011,
6/25/2011,
6/29/2011,
2/7/2011,
7/7/2011,
10/7/2011,
7/15/2011,
7/18/2011,
7/20/2011,
7/23/2011,
7/25/2011,
7/29/2011,
2/8/2011,
4/8/2011,
7/8/2011,
10/8/2011,
8/13/2011,
8/18/2011,
8/22/2011,
8/24/2011,
8/26/2011,
3/9/2011,
6/9/2011,
9/9/2011,
9/14/2011,
9/18/2011,
9/22/2011,
9/24/2011,
9/26/2011,
9/30/2011,
3/10/2011,
5/10/2011,
7/10/2011,
9/10/2011,
10/14/2011,
10/14/2011,
10/19/2011,
10/19/2011,
10/22/2011,
10/22/2011,
10/26/2011,
10/26/2011,
10/27/2011,
10/27/2011,
10/31/2011,
10/31/2011,
2/11/2011,
4/11/2011,
7/11/2011,
10/11/2011,
11/14/2011,
11/18/2011,
11/22/2011,
11/26/2011,
11/30/2011,
2/12/2011,
5/12/2011,
8/12/2011,
11/12/2011,
12/16/2011,
12/20/2011,
12/22/2011,
12/24/2011,
12/28/2011,
3/1/2011,
5/1/2011,
9/1/2011,
11/1/2011,
1/17/2011,
1/19/2011,
1/21/2011,
1/27/2011,
2/2/2011,
4/2/2011,
8/2/2011,
10/2/2011,
2/14/2011,
2/20/2011,
2/22/2011,
2/24/2011,
1/3/2011,
7/3/2011,
10/3/2011,
3/15/2011,
3/18/2011,
3/23/2011,
3/27/2011,
3/30/2011,
6/4/2011,
10/4/2011,
12/4/2011,
4/15/2011,
4/18/2011,
4/20/2011,
4/26/2011,
4/28/2011,
4/5/2011,
6/5/2011,
10/5/2011,
12/5/2011,
5/18/2011,
5/22/2011,
5/24/2011,
5/26/2011,
2/6/2011,
7/6/2011,
9/6/2011,
6/15/2011,
6/19/2011,
6/22/2011,
6/24/2011,
6/28/2011,
1/7/2011,
5/7/2011,
10/7/2011,
7/14/2011,
7/18/2011,
7/21/2011,
7/25/2011,
7/28/2011,
1/8/2011,
4/8/2011,
7/8/2011,
10/8/2011,
8/16/2011,
8/19/2011,
8/29/2011,
5/9/2011,
8/9/2011,
12/9/2011,
9/16/2011,
9/20/2011,
9/25/2011,
9/27/2011,
9/30/2011,
10/10/2011,
12/10/2011,
10/16/2011,
10/19/2011,
10/21/2011,
10/24/2011,
10/27/2011,
2/11/2011,
8/11/2011,
11/13/2011,
11/17/2011,
11/21/2011,
11/23/2011,
11/25/2011,
11/29/2011,
4/12/2011,
7/12/2011,
12/12/2011,
12/15/2011,
12/20/2011,
12/23/2011,
12/27/2011,
12/29/2011,
3/1/2011,
5/1/2011,
9/1/2011,
11/1/2011,
1/17/2011,
1/19/2011,
1/21/2011,
1/27/2011,
2/2/2011,
4/2/2011,
8/2/2011,
10/2/2011,
2/14/2011,
2/20/2011,
2/22/2011,
2/24/2011,
1/3/2011,
7/3/2011,
10/3/2011,
3/15/2011,
3/18/2011,
3/23/2011,
3/27/2011,
3/30/2011,
6/4/2011,
10/4/2011,
12/4/2011,
4/15/2011,
4/18/2011,
4/20/2011,
4/26/2011,
4/28/2011,
4/5/2011,
6/5/2011,
10/5/2011,
12/5/2011,
5/18/2011,
5/22/2011,
5/24/2011,
5/26/2011,
2/6/2011,
7/6/2011,
9/6/2011,
6/15/2011,
6/19/2011,
6/22/2011,
6/24/2011,
6/28/2011,
1/7/2011,
5/7/2011,
10/7/2011,
7/14/2011,
7/18/2011,
7/21/2011,
7/25/2011,
7/28/2011,
1/8/2011,
4/8/2011,
7/8/2011,
10/8/2011,
8/16/2011,
8/19/2011,
8/24/2011,
8/29/2011,
5/9/2011,
8/9/2011,
12/9/2011,
9/16/2011,
9/20/2011,
9/25/2011,
9/27/2011,
9/30/2011,
3/10/2011,
10/10/2011,
12/10/2011,
10/16/2011,
10/19/2011,
10/21/2011,
10/24/2011,
10/27/2011,
2/11/2011,
8/11/2011,
11/13/2011,
11/17/2011,
11/23/2011,
11/25/2011,
11/29/2011,
4/12/2011,
7/12/2011,
12/13/2011,
12/15/2011,
12/20/2011,
12/23/2011,
12/27/2011,
12/29/2011,
2/1/2012,
5/1/2012,
8/1/2012,
11/1/2012,
1/13/2012,
1/19/2012,
1/21/2012,
1/24/2012,
1/30/2012,
2/2/2012,
6/2/2012,
8/2/2012,
12/2/2012,
2/17/2012,
2/21/2012,
2/23/2012,
2/25/2012,
2/27/2012,
2/3/2012,
6/3/2012,
10/3/2012,
12/3/2012,
3/17/2012,
3/21/2012,
3/24/2012,
3/26/2012,
3/29/2012,
2/4/2012,
6/4/2012,
10/4/2012,
4/15/2012,
4/18/2012,
4/21/2012,
4/23/2012,
4/26/2012,
4/28/2012,
2/5/2012,
5/5/2012,
8/5/2012,
5/13/2012,
5/16/2012,
5/18/2012,
5/21/2012,
5/24/2012,
5/29/2012,
5/6/2012,
8/6/2012,
11/6/2012,
6/17/2012,
6/20/2012,
6/22/2012,
6/25/2012,
6/28/2012,
2/7/2012,
4/7/2012,
8/7/2012,
10/7/2012,
7/15/2012,
7/20/2012,
7/23/2012,
7/26/2012,
7/28/2012,
2/8/2012,
4/8/2012,
7/8/2012,
12/8/2012,
8/17/2012,
8/20/2012,
8/23/2012,
8/25/2012,
8/30/2012,
3/9/2012,
5/9/2012,
9/9/2012,
11/9/2012,
9/15/2012,
9/18/2012,
9/21/2012,
9/24/2012,
9/30/2012,
2/10/2012,
5/10/2012,
8/10/2012,
11/10/2012,
10/15/2012,
10/18/2012,
10/21/2012,
10/26/2012,
10/27/2012,
3/11/2012,
5/11/2012,
6/11/2012,
12/11/2012,
11/13/2012,
11/18/2012,
11/21/2012,
11/24/2012,
11/27/2012,
3/12/2012,
6/12/2012,
11/12/2012,
12/15/2012,
12/18/2012,
12/21/2012,
12/23/2012,
12/26/2012,
12/28/2012,
12/28/2012,
2/1/2012,
5/1/2012,
8/1/2012,
11/1/2012,
1/13/2012,
1/19/2012,
1/21/2012,
1/24/2012,
1/30/2012,
2/2/2012,
6/2/2012,
8/2/2012,
12/2/2012,
2/17/2012,
2/21/2012,
2/23/2012,
2/25/2012,
2/27/2012,
2/3/2012,
6/3/2012,
10/3/2012,
12/3/2012,
3/17/2012,
3/21/2012,
3/24/2012,
3/26/2012,
3/29/2012,
2/4/2012,
6/4/2012,
4/15/2012,
4/18/2012,
4/21/2012,
4/23/2012,
4/24/2012,
4/26/2012,
4/28/2012,
2/5/2012,
5/5/2012,
8/5/2012,
5/13/2012,
5/16/2012,
5/18/2012,
5/21/2012,
5/24/2012,
5/29/2012,
2/6/2012,
8/6/2012,
11/6/2012,
6/17/2012,
6/20/2012,
6/22/2012,
6/24/2012,
6/25/2012,
6/28/2012,
2/7/2012,
4/7/2012,
7/7/2012,
10/7/2012,
7/15/2012,
7/20/2012,
7/23/2012,
7/26/2012,
7/28/2012,
2/8/2012,
4/8/2012,
7/8/2012,
12/8/2012,
8/17/2012,
8/20/2012,
8/23/2012,
8/25/2012,
8/30/2012,
3/9/2012,
5/9/2012,
9/9/2012,
11/9/2012,
9/15/2012,
9/18/2012,
9/21/2012,
9/24/2012,
9/27/2012,
3/10/2012,
5/10/2012,
8/10/2012,
11/10/2012,
10/15/2012,
10/18/2012,
10/21/2012,
10/25/2012,
10/27/2012,
3/11/2012,
5/11/2012,
11/18/2012,
11/21/2012,
11/24/2012,
11/27/2012,
3/12/2012,
6/12/2012,
11/12/2012,
12/15/2012,
12/18/2012,
12/21/2012,
12/23/2012,
12/26/2012,
12/28/2012,
3/1/2013,
6/1/2013,
9/1/2013,
11/1/2013,
1/15/2013,
1/18/2013,
1/21/2013,
1/24/2013,
1/28/2013,
3/2/2013,
6/2/2013,
9/2/2013,
2/14/2013,
2/16/2013,
2/18/2013,
2/20/2013,
2/22/2013,
2/26/2013,
3/3/2013,
6/3/2013,
9/3/2013,
12/3/2013,
3/18/2013,
3/21/2013,
3/23/2013,
3/26/2013,
3/28/2013,
3/4/2013,
6/4/2013,
8/4/2013,
12/4/2013,
4/18/2013,
4/20/2013,
4/23/2013,
4/26/2013,
4/28/2013,
3/5/2013,
5/19/2013,
5/21/2013,
5/23/2013,
5/26/2013,
5/29/2013,
3/6/2013,
6/6/2013,
8/6/2013,
12/6/2013,
6/18/2013,
6/20/2013,
6/28/2013,
3/7/2013,
6/7/2013,
8/7/2013,
12/7/2013,
7/18/2013,
7/20/2013,
7/23/2013,
7/26/2013,
7/28/2013,
3/8/2013,
6/8/2013,
8/8/2013,
12/8/2013,
8/18/2013,
8/20/2013,
8/23/2013,
8/26/2013,
8/28/2013,
3/9/2013,
6/9/2013,
8/9/2013,
12/9/2013,
9/17/2013,
9/19/2013,
9/22/2013,
9/24/2013,
9/27/2013,
3/10/2013,
6/10/2013,
8/10/2013,
12/10/2013,
10/18/2013,
10/20/2013,
10/23/2013,
10/26/2013,
10/28/2013,
3/11/2013,
6/11/2013,
9/11/2013,
12/11/2013,
11/16/2013,
11/19/2013,
11/21/2013,
11/26/2013,
11/29/2013,
3/12/2013,
6/12/2013,
9/12/2013,
12/12/2013,
12/16/2013,
12/19/2013,
12/21/2013,
12/26/2013,
12/29/2013,
3/1/2013,
6/1/2013,
9/1/2013,
11/1/2013,
1/15/2013,
1/18/2013,
1/21/2013,
1/24/2013,
1/28/2013,
3/2/2013,
6/2/2013,
9/2/2013,
2/14/2013,
2/16/2013,
2/18/2013,
2/20/2013,
2/22/2013,
2/26/2013,
3/3/2013,
6/3/2013,
9/3/2013,
12/3/2013,
3/18/2013,
3/21/2013,
3/23/2013,
3/28/2013,
3/30/2013,
3/4/2013,
6/4/2013,
8/4/2013,
12/4/2013,
4/18/2013,
4/20/2013,
4/24/2013,
4/26/2013,
4/28/2013,
3/5/2013,
5/18/2013,
5/21/2013,
5/23/2013,
5/26/2013,
5/29/2013,
3/6/2013,
6/6/2013,
8/6/2013,
12/6/2013,
6/18/2013,
6/20/2013,
6/23/2013,
6/26/2013,
6/28/2013,
3/7/2013,
6/7/2013,
8/7/2013,
7/18/2013,
7/20/2013,
7/23/2013,
7/26/2013,
7/28/2013,
3/8/2013,
8/8/2013,
10/8/2013,
12/8/2013,
8/18/2013,
8/20/2013,
8/23/2013,
8/26/2013,
8/28/2013,
3/9/2013,
6/9/2013,
8/9/2013,
12/9/2013,
9/17/2013,
9/19/2013,
9/22/2013,
9/24/2013,
9/27/2013,
3/10/2013,
6/10/2013,
8/10/2013,
12/10/2013,
10/20/2013,
10/23/2013,
10/26/2013,
10/28/2013,
10/30/2013,
3/11/2013,
6/11/2013,
9/11/2013,
12/11/2013,
11/16/2013,
11/19/2013,
11/21/2013,
11/26/2013,
11/29/2013,
3/12/2013,
6/12/2013,
9/12/2013,
12/12/2013,
12/17/2013,
12/19/2013,
12/21/2013,
12/26/2013,
12/29/2013,
3/1/2013,
6/1/2013,
9/1/2013,
11/1/2013,
1/15/2013,
1/18/2013,
1/21/2013,
1/24/2013,
1/28/2013,
3/2/2013,
6/2/2013,
9/2/2013,
2/14/2013,
2/16/2013,
2/18/2013,
2/20/2013,
2/22/2013,
2/26/2013,
3/3/2013,
6/3/2013,
9/3/2013,
12/3/2013,
3/18/2013,
3/21/2013,
3/23/2013,
3/26/2013,
3/28/2013,
3/4/2013,
6/4/2013,
8/4/2013,
12/4/2013,
4/18/2013,
4/20/2013,
4/23/2013,
4/26/2013,
4/28/2013,
3/5/2013,
5/18/2013,
5/21/2013,
5/23/2013,
5/27/2013,
5/29/2013,
3/6/2013,
6/6/2013,
8/6/2013,
12/6/2013,
6/18/2013,
6/23/2013,
6/26/2013,
6/28/2013,
3/7/2013,
6/7/2013,
8/7/2013,
12/7/2013,
7/18/2013,
7/20/2013,
7/23/2013,
7/26/2013,
7/28/2013,
3/8/2013,
6/8/2013,
8/8/2013,
12/8/2013,
8/18/2013,
8/20/2013,
8/23/2013,
8/26/2013,
8/28/2013,
3/9/2013,
6/9/2013,
8/9/2013,
12/9/2013,
9/17/2013,
9/19/2013,
9/22/2013,
9/24/2013,
9/27/2013,
3/10/2013,
6/10/2013,
8/10/2013,
12/10/2013,
10/18/2013,
10/20/2013,
10/23/2013,
10/26/2013,
10/28/2013,
3/11/2013,
6/11/2013,
9/11/2013,
12/11/2013,
11/16/2013,
11/19/2013,
11/21/2013,
11/26/2013,
11/29/2013,
3/12/2013,
6/12/2013,
9/12/2013,
12/12/2013,
12/16/2013,
12/19/2013,
12/21/2013,
12/26/2013,
12/29/2013,
3/1/2014,
6/1/2014,
9/1/2014,
12/1/2014,
1/16/2014,
1/19/2014,
1/21/2014,
1/25/2014,
1/29/2014,
3/2/2014,
6/2/2014,
9/2/2014,
11/2/2014,
2/17/2014,
2/20/2014,
2/22/2014,
2/24/2014,
2/26/2014,
3/3/2014,
6/3/2014,
9/3/2014,
11/3/2014,
3/15/2014,
3/19/2014,
3/22/2014,
3/25/2014,
3/28/2014,
6/4/2014,
9/4/2014,
11/4/2014,
4/15/2014,
4/19/2014,
4/22/2014,
4/25/2014,
4/28/2014,
3/5/2014,
6/5/2014,
9/5/2014,
11/5/2014,
5/15/2014,
5/19/2014,
5/23/2014,
5/25/2014,
5/28/2014,
3/6/2014,
6/25/2014,
3/7/2014,
6/7/2014,
9/7/2014,
11/7/2014,
7/19/2014,
7/22/2014,
7/25/2014,
7/28/2014,
3/8/2014,
6/8/2014,
9/8/2014,
11/8/2014,
8/16/2014,
8/23/2014,
8/25/2014,
8/28/2014,
3/9/2014,
6/9/2014,
9/9/2014,
11/9/2014,
9/15/2014,
9/19/2014,
9/22/2014,
9/25/2014,
9/28/2014,
6/10/2014,
9/10/2014,
11/10/2014,
10/17/2014,
10/19/2014,
10/21/2014,
10/23/2014,
10/25/2014,
10/29/2014,
3/11/2014,
6/11/2014,
9/11/2014,
11/11/2014,
11/15/2014,
11/19/2014,
11/22/2014,
11/25/2014,
11/28/2014,
6/12/2014,
9/12/2014,
11/12/2014,
12/19/2014,
12/22/2014,
12/25/2014,
12/28/2014,
3/1/2014,
6/1/2014,
9/1/2014,
12/1/2014,
1/16/2014,
1/19/2014,
1/21/2014,
1/25/2014,
1/29/2014,
3/2/2014,
6/2/2014,
9/2/2014,
11/2/2014,
2/17/2014,
2/20/2014,
2/22/2014,
2/24/2014,
2/26/2014,
3/3/2014,
6/3/2014,
9/3/2014,
11/3/2014,
3/15/2014,
3/19/2014,
3/22/2014,
3/25/2014,
3/28/2014,
6/4/2014,
9/4/2014,
11/4/2014,
4/15/2014,
4/19/2014,
4/22/2014,
4/25/2014,
4/28/2014,
3/5/2014,
6/5/2014,
9/5/2014,
11/5/2014,
5/15/2014,
5/19/2014,
5/22/2014,
5/25/2014,
5/28/2014,
3/6/2014,
6/6/2014,
11/6/2014,
6/20/2014,
6/22/2014,
6/25/2014,
6/28/2014,
6/30/2014,
3/7/2014,
6/7/2014,
9/7/2014,
11/7/2014,
7/15/2014,
7/19/2014,
7/22/2014,
7/25/2014,
7/28/2014,
3/8/2014,
6/8/2014,
9/8/2014,
11/8/2014,
8/16/2014,
8/20/2014,
8/22/2014,
8/25/2014,
8/28/2014,
3/9/2014,
6/9/2014,
9/9/2014,
11/9/2014,
9/15/2014,
9/19/2014,
9/22/2014,
9/25/2014,
9/28/2014,
6/10/2014,
9/10/2014,
11/10/2014,
10/15/2014,
10/17/2014,
10/19/2014,
10/23/2014,
10/25/2014,
10/28/2014,
3/11/2014,
6/11/2014,
9/11/2014,
11/11/2014,
11/15/2014,
11/19/2014,
11/22/2014,
11/25/2014,
11/28/2014,
3/12/2014,
6/12/2014,
9/12/2014,
11/12/2014,
12/15/2014,
12/19/2014,
12/22/2014,
12/25/2014,
12/28/2014,
3/1/2014,
6/1/2014,
9/1/2014,
12/1/2014,
1/16/2014,
1/19/2014,
1/21/2014,
1/25/2014,
1/29/2014,
3/2/2014,
6/2/2014,
9/2/2014,
11/2/2014,
2/17/2014,
2/20/2014,
2/22/2014,
2/24/2014,
2/26/2014,
3/3/2014,
6/3/2014,
9/3/2014,
11/3/2014,
3/15/2014,
3/19/2014,
3/22/2014,
3/25/2014,
3/28/2014,
6/4/2014,
9/4/2014,
11/4/2014,
4/15/2014,
4/19/2014,
4/22/2014,
4/25/2014,
4/28/2014,
3/5/2014,
6/5/2014,
9/5/2014,
11/5/2014,
5/15/2014,
5/20/2014,
5/22/2014,
5/25/2014,
5/28/2014,
3/6/2014,
6/6/2014,
11/6/2014,
6/15/2014,
6/19/2014,
6/22/2014,
6/25/2014,
6/28/2014,
3/7/2014,
6/7/2014,
9/7/2014,
11/7/2014,
7/15/2014,
7/19/2014,
7/22/2014,
7/25/2014,
7/28/2014,
3/8/2014,
6/8/2014,
9/8/2014,
11/8/2014,
8/16/2014,
8/20/2014,
8/22/2014,
8/25/2014,
8/28/2014,
3/9/2014,
6/9/2014,
9/9/2014,
11/9/2014,
9/15/2014,
9/19/2014,
9/22/2014,
9/25/2014,
9/28/2014,
6/10/2014,
9/10/2014,
11/10/2014,
10/15/2014,
10/17/2014,
10/19/2014,
10/23/2014,
10/25/2014,
10/28/2014,
3/11/2014,
6/11/2014,
9/11/2014,
11/11/2014,
11/15/2014,
11/19/2014,
11/23/2014,
11/25/2014,
11/28/2014,
3/12/2014,
6/12/2014,
9/12/2014,
11/12/2014,
12/15/2014,
12/19/2014,
12/22/2014,
12/25/2014,
12/28/2014,
2/1/2014,
6/1/2014,
8/1/2014,
1/16/2014,
1/21/2014,
1/24/2014,
1/28/2014,
1/30/2014,
10/2/2014,
12/2/2014,
2/14/2014,
2/19/2014,
2/23/2014,
2/25/2014,
4/3/2014,
6/3/2014,
7/3/2014,
10/3/2014,
12/3/2014,
3/18/2014,
3/21/2014,
3/25/2014,
3/27/2014,
2/4/2014,
4/4/2014,
8/4/2014,
10/4/2014,
4/15/2014,
4/21/2014,
4/24/2014,
4/28/2014,
5/5/2014,
7/5/2014,
12/5/2014,
5/15/2014,
5/20/2014,
5/23/2014,
5/27/2014,
5/29/2014,
4/6/2014,
6/6/2014,
10/6/2014,
12/6/2014,
6/16/2014,
6/19/2014,
6/23/2014,
6/25/2014,
2/7/2014,
4/7/2014,
8/7/2014,
10/7/2014,
7/14/2014,
7/16/2014,
7/23/2014,
1/8/2014,
5/8/2014,
7/8/2014,
11/8/2014,
8/13/2014,
8/21/2014,
8/24/2014,
8/27/2014,
2/9/2014,
4/9/2014,
9/9/2014,
11/9/2014,
9/15/2014,
9/17/2014,
9/21/2014,
9/25/2014,
7/11/2014,
11/11/2014,
11/13/2014,
11/17/2014,
11/19/2014,
11/23/2014,
11/27/2014,
3/12/2014,
10/12/2014,
12/15/2014,
12/18/2014,
12/21/2014,
12/23/2014,
12/29/2014,
2/1/2014,
6/1/2014,
8/1/2014,
1/16/2014,
1/21/2014,
1/24/2014,
1/28/2014,
1/30/2014,
4/2/2014,
6/2/2014,
10/2/2014,
12/2/2014,
2/14/2014,
2/19/2014,
2/23/2014,
2/25/2014,
7/3/2014,
10/3/2014,
12/3/2014,
3/18/2014,
3/21/2014,
3/25/2014,
3/27/2014,
2/4/2014,
4/4/2014,
8/4/2014,
10/4/2014,
4/15/2014,
4/21/2014,
4/24/2014,
4/28/2014,
5/5/2014,
7/5/2014,
12/5/2014,
5/15/2014,
5/20/2014,
5/23/2014,
5/27/2014,
5/29/2014,
4/6/2014,
6/6/2014,
10/6/2014,
12/6/2014,
6/16/2014,
6/19/2014,
6/23/2014,
6/25/2014,
2/7/2014,
4/7/2014,
8/7/2014,
10/7/2014,
7/14/2014,
7/16/2014,
7/23/2014,
7/27/2014,
1/8/2014,
5/8/2014,
7/8/2014,
11/8/2014,
8/13/2014,
8/21/2014,
8/24/2014,
8/27/2014,
2/9/2014,
4/9/2014,
9/9/2014,
11/9/2014,
9/15/2014,
9/17/2014,
9/21/2014,
9/25/2014,
7/11/2014,
11/11/2014,
11/13/2014,
11/17/2014,
11/19/2014,
11/23/2014,
11/25/2014,
11/27/2014,
3/12/2014,
5/12/2014,
10/12/2014,
12/15/2014,
12/18/2014,
12/21/2014,
12/23/2014,
12/29/2014,
1/5/2015,
1/8/2015,
1/11/2015,
1/16/2015,
1/20/2015,
1/22/2015,
1/27/2015,
1/29/2015,
2/3/2015,
2/6/2015,
2/10/2015,
2/12/2015,
2/15/2015,
2/19/2015,
2/23/2015,
2/25/2015,
3/4/2015,
3/9/2015,
3/11/2015,
3/15/2015,
3/17/2015,
3/19/2015,
3/23/2015,
3/26/2015,
4/7/2015,
4/16/2015,
4/18/2015,
4/20/2015,
5/12/2015,
5/14/2015,
5/18/2015,
5/21/2015,
5/25/2015,
5/28/2015,
6/3/2015,
6/7/2015,
6/9/2015,
6/12/2015,
6/16/2015,
6/18/2015,
6/23/2015,
6/25/2015,
7/3/2015,
7/7/2015,
7/12/2015,
7/15/2015,
7/21/2015,
7/23/2015,
7/27/2015,
7/30/2015,
8/4/2015,
8/7/2015,
8/11/2015,
8/13/2015,
8/17/2015,
8/20/2015,
8/23/2015,
8/26/2015,
9/2/2015,
9/6/2015,
9/8/2015,
9/11/2015,
9/18/2015,
9/21/2015,
9/23/2015,
9/29/2015,
10/5/2015,
10/7/2015,
10/11/2015,
10/13/2015,
10/16/2015,
10/19/2015,
10/26/2015,
10/29/2015,
11/2/2015,
11/4/2015,
11/8/2015,
11/12/2015,
11/17/2015,
11/19/2015,
11/23/2015,
11/27/2015,
12/2/2015,
12/6/2015,
12/9/2015,
12/11/2015,
12/15/2015,
12/17/2015,
12/22/2015,
12/28/2015,
1/5/2015,
1/8/2015,
1/11/2015,
1/16/2015,
1/27/2015,
1/29/2015,
2/3/2015,
2/6/2015,
2/10/2015,
2/12/2015,
2/15/2015,
2/19/2015,
2/23/2015,
2/25/2015,
3/4/2015,
3/9/2015,
3/11/2015,
3/15/2015,
3/17/2015,
3/19/2015,
3/23/2015,
3/26/2015,
4/7/2015,
4/16/2015,
4/18/2015,
4/20/2015,
4/23/2015,
4/26/2015,
4/29/2015,
5/6/2015,
5/10/2015,
5/12/2015,
5/14/2015,
5/18/2015,
5/21/2015,
5/25/2015,
5/28/2015,
6/3/2015,
6/7/2015,
6/9/2015,
6/12/2015,
6/16/2015,
6/18/2015,
6/25/2015,
7/3/2015,
7/7/2015,
7/12/2015,
7/15/2015,
7/21/2015,
7/23/2015,
7/27/2015,
8/4/2015,
8/7/2015,
8/11/2015,
8/13/2015,
8/17/2015,
8/19/2015,
8/23/2015,
8/26/2015,
8/30/2015,
9/2/2015,
9/6/2015,
9/8/2015,
9/11/2015,
9/18/2015,
9/21/2015,
9/23/2015,
9/29/2015,
10/5/2015,
10/7/2015,
10/11/2015,
10/13/2015,
10/16/2015,
10/19/2015,
10/26/2015,
10/29/2015,
11/2/2015,
11/4/2015,
11/8/2015,
11/12/2015,
11/17/2015,
11/19/2015,
11/23/2015,
11/27/2015,
12/2/2015,
12/6/2015,
12/9/2015,
12/11/2015,
12/15/2015,
12/17/2015,
12/22/2015,
12/28/2015,
1/3/2015,
1/7/2015,
1/11/2015,
1/16/2015,
1/19/2015,
1/20/2015,
1/22/2015,
1/25/2015,
1/31/2015,
2/3/2015,
2/6/2015,
2/9/2015,
2/12/2015,
2/16/2015,
2/18/2015,
2/20/2015,
2/22/2015,
2/25/2015,
3/3/2015,
3/8/2015,
3/11/2015,
3/14/2015,
3/18/2015,
3/20/2015,
3/22/2015,
3/24/2015,
3/27/2015,
4/4/2015,
4/7/2015,
4/10/2015,
4/13/2015,
4/18/2015,
4/20/2015,
4/22/2015,
4/24/2015,
4/27/2015,
5/3/2015,
5/6/2015,
5/9/2015,
5/12/2015,
5/18/2015,
5/21/2015,
5/23/2015,
5/26/2015,
5/29/2015,
7/3/2015,
7/6/2015,
7/9/2015,
7/12/2015,
7/17/2015,
7/21/2015,
7/23/2015,
7/26/2015,
7/29/2015,
8/2/2015,
8/5/2015,
8/8/2015,
8/12/2015,
8/18/2015,
8/21/2015,
8/23/2015,
8/26/2015,
8/29/2015,
9/1/2015,
9/3/2015,
9/5/2015,
9/9/2015,
9/15/2015,
9/18/2015,
9/21/2015,
9/23/2015,
9/27/2015,
10/3/2015,
10/5/2015,
10/8/2015,
10/11/2015,
10/17/2015,
10/20/2015,
10/23/2015,
10/25/2015,
10/28/2015,
11/2/2015,
11/5/2015,
11/8/2015,
11/11/2015,
11/17/2015,
11/20/2015,
11/22/2015,
11/25/2015,
11/28/2015,
12/1/2015,
12/4/2015,
12/7/2015,
12/10/2015,
12/16/2015,
12/19/2015,
12/22/2015,
12/27/2015,
12/29/2015,
1/3/2015,
1/7/2015,
1/11/2015,
1/16/2015,
1/18/2015,
1/19/2015,
1/25/2015,
1/29/2015,
1/31/2015,
2/3/2015,
2/6/2015,
2/9/2015,
2/12/2015,
2/16/2015,
2/18/2015,
2/20/2015,
2/22/2015,
2/25/2015,
3/3/2015,
3/8/2015,
3/11/2015,
3/14/2015,
3/18/2015,
3/20/2015,
3/22/2015,
3/24/2015,
3/27/2015,
4/4/2015,
4/7/2015,
4/10/2015,
4/13/2015,
4/18/2015,
4/20/2015,
4/22/2015,
4/24/2015,
4/27/2015,
5/3/2015,
5/6/2015,
5/9/2015,
5/12/2015,
5/18/2015,
5/21/2015,
5/23/2015,
5/26/2015,
5/29/2015,
7/3/2015,
7/6/2015,
7/9/2015,
7/12/2015,
7/17/2015,
7/21/2015,
7/23/2015,
7/26/2015,
7/28/2015,
8/2/2015,
8/5/2015,
8/8/2015,
8/12/2015,
8/18/2015,
8/21/2015,
8/23/2015,
8/26/2015,
8/29/2015,
9/1/2015,
9/3/2015,
9/5/2015,
9/9/2015,
9/15/2015,
9/18/2015,
9/21/2015,
9/23/2015,
9/27/2015,
10/3/2015,
10/5/2015,
10/8/2015,
10/11/2015,
10/17/2015,
10/20/2015,
10/23/2015,
10/25/2015,
10/28/2015,
11/2/2015,
11/5/2015,
11/8/2015,
11/11/2015,
11/17/2015,
11/20/2015,
11/22/2015,
11/25/2015,
11/28/2015,
12/1/2015,
12/4/2015,
12/7/2015,
12/10/2015,
12/16/2015,
12/19/2015,
12/22/2015,
12/27/2015,
12/29/2015,
1/3/2015,
1/7/2015,
1/11/2015,
1/16/2015,
1/19/2015,
1/20/2015,
1/22/2015,
1/25/2015,
1/31/2015,
2/3/2015,
2/6/2015,
2/9/2015,
2/12/2015,
2/16/2015,
2/18/2015,
2/20/2015,
2/22/2015,
2/25/2015,
3/3/2015,
3/8/2015,
3/11/2015,
3/18/2015,
3/20/2015,
3/22/2015,
3/24/2015,
3/27/2015,
4/4/2015,
4/7/2015,
4/10/2015,
4/13/2015,
4/18/2015,
4/20/2015,
4/22/2015,
4/24/2015,
4/27/2015,
5/3/2015,
5/6/2015,
5/9/2015,
5/12/2015,
5/18/2015,
5/21/2015,
5/23/2015,
5/26/2015,
5/29/2015,
7/3/2015,
7/6/2015,
7/9/2015,
7/12/2015,
7/17/2015,
7/21/2015,
7/23/2015,
7/26/2015,
7/29/2015,
8/2/2015,
8/5/2015,
8/8/2015,
8/12/2015,
8/18/2015,
8/21/2015,
8/23/2015,
8/26/2015,
8/29/2015,
9/1/2015,
9/3/2015,
9/5/2015,
9/9/2015,
9/15/2015,
9/18/2015,
9/21/2015,
9/23/2015,
9/27/2015,
10/3/2015,
10/5/2015,
10/8/2015,
10/11/2015,
10/17/2015,
10/20/2015,
10/23/2015,
10/25/2015,
10/28/2015,
11/2/2015,
11/5/2015,
11/8/2015,
11/11/2015,
11/17/2015,
11/20/2015,
11/22/2015,
11/25/2015,
11/28/2015,
12/1/2015,
12/4/2015,
12/7/2015,
12/10/2015,
12/16/2015,
12/19/2015,
12/22/2015,
12/27/2015,
12/29/2015,
